{
    "0": {
        "mean_pitch": 127.48654114024025,
        "std_pitch": 1.797386997821041,
        "hnr": 11.617588944669869,
        "zcr": 0.018784580498866214
    },
    "5": {
        "mean_pitch": 169.55493145380723,
        "std_pitch": 6.073252989019672,
        "hnr": 9.112665347509456,
        "zcr": 0.020702947845804988
    },
    "10": {
        "mean_pitch": 157.00451266162366,
        "std_pitch": 5.668077244476879,
        "hnr": 11.157402406482676,
        "zcr": 0.025210884353741497
    },
    "15": {
        "mean_pitch": 103.51846014841621,
        "std_pitch": 1.5553433208328005,
        "hnr": 9.986064944701525,
        "zcr": 0.025736961451247167
    },
    "20": {
        "mean_pitch": 110.8407671107163,
        "std_pitch": 5.490010762644915,
        "hnr": 9.891963476608707,
        "zcr": 0.018122448979591838
    },
    "25": {
        "mean_pitch": 135.0001438415475,
        "std_pitch": 4.138600748755045,
        "hnr": 9.66149591418964,
        "zcr": 0.024104308390022675
    },
    "30": {
        "mean_pitch": 105.2975644006241,
        "std_pitch": 1.3447883626191965,
        "hnr": 9.105614986066353,
        "zcr": 0.009573696145124717
    },
    "35": {
        "mean_pitch": 104.86354277110092,
        "std_pitch": 1.1669552921743387,
        "hnr": 12.228360106952323,
        "zcr": 0.023605442176870745
    },
    "40": {
        "mean_pitch": 101.17677702057321,
        "std_pitch": 1.7560018427770614,
        "hnr": 8.185067474671417,
        "zcr": 0.019560090702947844
    },
    "45": {
        "mean_pitch": 78.284967328913,
        "std_pitch": 1.2594601826623064,
        "hnr": 8.80421486613212,
        "zcr": 0.02722448979591837
    },
    "50": {
        "mean_pitch": 96.89917143250682,
        "std_pitch": 4.808306256574234,
        "hnr": 4.396376936474611,
        "zcr": 0.009151927437641722
    },
    "55": {
        "mean_pitch": 71.82357137226958,
        "std_pitch": 5.481460949382187,
        "hnr": 4.377643314651218,
        "zcr": 0.005537414965986396
    },
    "60": {
        "mean_pitch": 154.56821862587708,
        "std_pitch": 6.67714007251338,
        "hnr": 9.452039380313963,
        "zcr": 0.016539682539682538
    },
    "65": {
        "mean_pitch": 183.3140023749249,
        "std_pitch": 9.515768133937632,
        "hnr": 7.570556110639631,
        "zcr": 0.01399092970521542
    },
    "70": {
        "mean_pitch": 132.19347881612308,
        "std_pitch": 3.499828523236654,
        "hnr": 8.226614443025019,
        "zcr": 0.02546485260770975
    },
    "75": {
        "mean_pitch": 150.52295911916482,
        "std_pitch": 5.174654756040506,
        "hnr": 6.613846042251074,
        "zcr": 0.022331065759637187
    },
    "80": {
        "mean_pitch": 127.51208114984833,
        "std_pitch": 3.5722427580801264,
        "hnr": 8.746000321137492,
        "zcr": 0.023850340136054422
    },
    "85": {
        "mean_pitch": 123.11904585849022,
        "std_pitch": 8.701060648227553,
        "hnr": 4.709169940594271,
        "zcr": 0.014063492063492064
    },
    "90": {
        "mean_pitch": 90.96562995638246,
        "std_pitch": 2.2379110341555055,
        "hnr": 9.302284668137242,
        "zcr": 0.016453514739229024
    },
    "95": {
        "mean_pitch": 145.06272837807498,
        "std_pitch": 2.208690842208404,
        "hnr": 9.346327448926235,
        "zcr": 0.0129297052154195
    }
}