{
    "mean_pitch": 116.396174637502,
    "std_pitch": 84.52111638777515,
    "hnr": 23.119846671949848,
    "zcr": 0.06730612244897959,
    "gender": "male"
}