{"mean_pitch": 335.4536930115533, "std_pitch": 155.5456514298495, "hnr": 19.50007648970325, "zcr": 0.3274391351744186, "gender": "female"}