{"mean_pitch": 242.18361725276864, "std_pitch": 148.2649183560658, "hnr": 11.670870247944789, "zcr": 0.04342296511627907, "gender": "female"}