{
    "0": {
        "mean_pitch": 249.74249511953568,
        "std_pitch": 79.43647951051244,
        "hnr": 12.924436976205826,
        "zcr": 0.03951927437641723,
        "gender": "female"
    },
    "5": {
        "mean_pitch": 221.74041081769613,
        "std_pitch": 38.708999777172906,
        "hnr": 13.108437801519058,
        "zcr": 0.05092063492063492,
        "gender": "female"
    },
    "10": {
        "mean_pitch": 211.4517806734926,
        "std_pitch": 46.94424467017846,
        "hnr": 13.09644714692864,
        "zcr": 0.042036281179138324,
        "gender": "female"
    },
    "15": {
        "mean_pitch": 237.98958584915985,
        "std_pitch": 44.1338752323701,
        "hnr": 13.908896345756704,
        "zcr": 0.033160997732426305,
        "gender": "female"
    },
    "20": {
        "mean_pitch": 199.58720690268098,
        "std_pitch": 24.339079717602566,
        "hnr": 11.300702999631987,
        "zcr": 0.04679818594104308,
        "gender": "female"
    },
    "25": {
        "mean_pitch": 255.9658273404928,
        "std_pitch": 83.76484146100104,
        "hnr": 6.5384155134621125,
        "zcr": 0.014607709750566893,
        "gender": "female"
    },
    "30": {
        "mean_pitch": 265.84550308720856,
        "std_pitch": 89.2091205173974,
        "hnr": 9.626944562332058,
        "zcr": 0.03052154195011338,
        "gender": "female"
    },
    "35": {
        "mean_pitch": 239.42680860640615,
        "std_pitch": 66.64849827263772,
        "hnr": 9.841349061073936,
        "zcr": 0.047678004535147395,
        "gender": "female"
    },
    "40": {
        "mean_pitch": 194.11001132259636,
        "std_pitch": 21.521986392102956,
        "hnr": 8.651239737030087,
        "zcr": 0.037854875283446714,
        "gender": "female"
    },
    "45": {
        "mean_pitch": 218.5753515827664,
        "std_pitch": 96.40131416608679,
        "hnr": 10.580867258733411,
        "zcr": 0.029396825396825397,
        "gender": "female"
    },
    "50": {
        "mean_pitch": 219.2100032547482,
        "std_pitch": 44.25584912494179,
        "hnr": 14.744495952467398,
        "zcr": 0.041918367346938774,
        "gender": "female"
    },
    "55": {
        "mean_pitch": 230.10744033225035,
        "std_pitch": 53.16008400006746,
        "hnr": 14.715708653107216,
        "zcr": 0.03419501133786848,
        "gender": "female"
    },
    "60": {
        "mean_pitch": 211.60526131569145,
        "std_pitch": 31.34136638191596,
        "hnr": 11.94047144913139,
        "zcr": 0.04147845804988662,
        "gender": "female"
    },
    "65": {
        "mean_pitch": 214.72099434117752,
        "std_pitch": 43.93261348952234,
        "hnr": 12.622606864266228,
        "zcr": 0.037736961451247164,
        "gender": "female"
    },
    "70": {
        "mean_pitch": 187.77590778006314,
        "std_pitch": 64.14975876102137,
        "hnr": 8.941524782290863,
        "zcr": 0.030308390022675737,
        "gender": "female"
    },
    "75": {
        "mean_pitch": 106.8010453149729,
        "std_pitch": 7.523092471840523,
        "hnr": 6.356475885705301,
        "zcr": 0.03310657596371882,
        "gender": "male"
    },
    "80": {
        "mean_pitch": 123.10605856240318,
        "std_pitch": 13.073417404615942,
        "hnr": 10.00269601132536,
        "zcr": 0.025229024943310658,
        "gender": "male"
    },
    "85": {
        "mean_pitch": 115.13461704214812,
        "std_pitch": 8.625105355549493,
        "hnr": 10.051422770005006,
        "zcr": 0.025968253968253967,
        "gender": "male"
    },
    "90": {
        "mean_pitch": 242.06081061932133,
        "std_pitch": 71.8668959783507,
        "hnr": 13.464767721857084,
        "zcr": 0.03640362811791383,
        "gender": "female"
    },
    "95": {
        "mean_pitch": 276.181151891522,
        "std_pitch": 49.89016606633706,
        "hnr": 14.336982403513408,
        "zcr": 0.017886621315192745,
        "gender": "female"
    }
}