{"mean_pitch": 390.6797550633927, "std_pitch": 129.40681491858206, "hnr": 12.690144830655814, "zcr": 0.019803779069767442, "gender": "female"}