{
    "mean_pitch": 0,
    "std_pitch": 0,
    "hnr": 2.98419779130424,
    "zcr": 0.2968956916099773,
    "gender": "male"
}