{
    "0": {
        "mean_pitch": 271.5596678809431,
        "std_pitch": 114.74296637605327,
        "hnr": 12.924436976205826,
        "zcr": 0.03951927437641723,
        "gender": "female"
    },
    "5": {
        "mean_pitch": 225.23722396647798,
        "std_pitch": 45.31011084550304,
        "hnr": 13.108437801519058,
        "zcr": 0.05092063492063492,
        "gender": "female"
    },
    "10": {
        "mean_pitch": 213.66052418386366,
        "std_pitch": 47.477481773295345,
        "hnr": 13.09644714692864,
        "zcr": 0.042036281179138324,
        "gender": "female"
    },
    "15": {
        "mean_pitch": 237.98958584915985,
        "std_pitch": 44.1338752323701,
        "hnr": 13.908896345756704,
        "zcr": 0.033160997732426305,
        "gender": "female"
    },
    "20": {
        "mean_pitch": 199.58720690268098,
        "std_pitch": 24.339079717602566,
        "hnr": 11.300702999631987,
        "zcr": 0.04679818594104308,
        "gender": "female"
    },
    "25": {
        "mean_pitch": 294.7436648878916,
        "std_pitch": 121.80146550503086,
        "hnr": 6.5384155134621125,
        "zcr": 0.014607709750566893,
        "gender": "female"
    },
    "30": {
        "mean_pitch": 281.3723478615083,
        "std_pitch": 109.57297386083788,
        "hnr": 9.626944562332058,
        "zcr": 0.03052154195011338,
        "gender": "female"
    },
    "35": {
        "mean_pitch": 248.1579544815223,
        "std_pitch": 81.83494477342072,
        "hnr": 9.841349061073936,
        "zcr": 0.047678004535147395,
        "gender": "female"
    },
    "40": {
        "mean_pitch": 194.94745430815098,
        "std_pitch": 25.515431856895074,
        "hnr": 8.651239737030087,
        "zcr": 0.037854875283446714,
        "gender": "female"
    },
    "45": {
        "mean_pitch": 234.36752760733265,
        "std_pitch": 123.82217528618764,
        "hnr": 10.580867258733411,
        "zcr": 0.029396825396825397,
        "gender": "female"
    },
    "50": {
        "mean_pitch": 220.04128845730318,
        "std_pitch": 45.408767881837676,
        "hnr": 14.744495952467398,
        "zcr": 0.041918367346938774,
        "gender": "female"
    },
    "55": {
        "mean_pitch": 232.8106205407908,
        "std_pitch": 51.74838965477611,
        "hnr": 14.715708653107216,
        "zcr": 0.03419501133786848,
        "gender": "female"
    },
    "60": {
        "mean_pitch": 212.12818006257766,
        "std_pitch": 31.90897133706885,
        "hnr": 11.94047144913139,
        "zcr": 0.04147845804988662,
        "gender": "female"
    },
    "65": {
        "mean_pitch": 211.12677938021216,
        "std_pitch": 36.37924572159744,
        "hnr": 12.622606864266228,
        "zcr": 0.037736961451247164,
        "gender": "female"
    },
    "70": {
        "mean_pitch": 191.21475516649153,
        "std_pitch": 69.32954756389069,
        "hnr": 8.941524782290863,
        "zcr": 0.030308390022675737,
        "gender": "female"
    },
    "75": {
        "mean_pitch": 109.8902728530486,
        "std_pitch": 28.255511335213832,
        "hnr": 6.356475885705301,
        "zcr": 0.03310657596371882,
        "gender": "male"
    },
    "80": {
        "mean_pitch": 123.20680099996616,
        "std_pitch": 13.342797809273751,
        "hnr": 10.00269601132536,
        "zcr": 0.025229024943310658,
        "gender": "male"
    },
    "85": {
        "mean_pitch": 114.97122559007897,
        "std_pitch": 8.233719776962088,
        "hnr": 10.051422770005006,
        "zcr": 0.025968253968253967,
        "gender": "male"
    },
    "90": {
        "mean_pitch": 244.17855017081897,
        "std_pitch": 74.9329329006315,
        "hnr": 13.464767721857084,
        "zcr": 0.03640362811791383,
        "gender": "female"
    },
    "95": {
        "mean_pitch": 276.181151891522,
        "std_pitch": 49.89016606633706,
        "hnr": 14.336982403513408,
        "zcr": 0.017886621315192745,
        "gender": "female"
    }
}