{
    "0": {
        "mean_pitch": 144.90461265706608,
        "std_pitch": 11.55047202237332,
        "hnr": 14.281889365289048,
        "zcr": 0.05854421768707483,
        "gender": "male"
    },
    "5": {
        "mean_pitch": 144.95936278171172,
        "std_pitch": 38.27392974725904,
        "hnr": 14.218405431272087,
        "zcr": 0.04890702947845805,
        "gender": "male"
    },
    "10": {
        "mean_pitch": 129.5972201785077,
        "std_pitch": 12.312568051314473,
        "hnr": 14.599667330243921,
        "zcr": 0.04419501133786848,
        "gender": "male"
    },
    "15": {
        "mean_pitch": 142.12050874032917,
        "std_pitch": 16.9306339439982,
        "hnr": 13.026387896793178,
        "zcr": 0.05849433106575964,
        "gender": "male"
    },
    "20": {
        "mean_pitch": 141.22932684073032,
        "std_pitch": 15.11497700070361,
        "hnr": 14.012799228794979,
        "zcr": 0.04464399092970522,
        "gender": "male"
    },
    "25": {
        "mean_pitch": 145.0060648782036,
        "std_pitch": 19.96283951989001,
        "hnr": 14.43415181003074,
        "zcr": 0.04675736961451247,
        "gender": "male"
    },
    "30": {
        "mean_pitch": 146.5776403049401,
        "std_pitch": 20.715628363513222,
        "hnr": 12.053081641578338,
        "zcr": 0.05644444444444444,
        "gender": "male"
    },
    "35": {
        "mean_pitch": 130.80741945895022,
        "std_pitch": 9.886902074087775,
        "hnr": 11.436330749560733,
        "zcr": 0.040122448979591836,
        "gender": "male"
    },
    "40": {
        "mean_pitch": 149.4556371931091,
        "std_pitch": 26.31687657291073,
        "hnr": 10.868454268168538,
        "zcr": 0.06661224489795918,
        "gender": "male"
    },
    "45": {
        "mean_pitch": 142.43802930001377,
        "std_pitch": 11.680292025737902,
        "hnr": 6.743613644220069,
        "zcr": 0.05645351473922902,
        "gender": "male"
    },
    "50": {
        "mean_pitch": 153.77237880730323,
        "std_pitch": 74.5923282469228,
        "hnr": 5.324923561569101,
        "zcr": 0.05184126984126984,
        "gender": "male"
    },
    "55": {
        "mean_pitch": 170.7915191012654,
        "std_pitch": 92.74376586771106,
        "hnr": 6.829827120788534,
        "zcr": 0.0813514739229025,
        "gender": "female"
    },
    "60": {
        "mean_pitch": 343.4742069785585,
        "std_pitch": 54.90169193992353,
        "hnr": 4.459936606688122,
        "zcr": 0.07006349206349206,
        "gender": "female"
    }
}