{
    "0": {
        "mean_pitch": 141.2180932160238,
        "std_pitch": 32.86490410962009,
        "hnr": 11.390037228570893,
        "zcr": 0.052467120181405896
    },
    "5": {
        "mean_pitch": 180.3991035818813,
        "std_pitch": 55.128773762884066,
        "hnr": 13.372589587174195,
        "zcr": 0.04575510204081633
    },
    "10": {
        "mean_pitch": 175.86875263325567,
        "std_pitch": 67.70542219912718,
        "hnr": 16.476188951912658,
        "zcr": 0.04726077097505669
    },
    "15": {
        "mean_pitch": 164.48628607578289,
        "std_pitch": 28.104081013506466,
        "hnr": 10.98238842444667,
        "zcr": 0.05845351473922902
    },
    "20": {
        "mean_pitch": 140.65321178564082,
        "std_pitch": 9.96014085593135,
        "hnr": 16.10354079188588,
        "zcr": 0.035437641723356006
    },
    "25": {
        "mean_pitch": 130.442105048885,
        "std_pitch": 5.46646604660381,
        "hnr": 14.180359102679782,
        "zcr": 0.039256235827664396
    },
    "30": {
        "mean_pitch": 139.5368469332578,
        "std_pitch": 23.47164213754165,
        "hnr": 11.581539839761637,
        "zcr": 0.04485260770975057
    },
    "35": {
        "mean_pitch": 175.5534696289047,
        "std_pitch": 102.06439382599311,
        "hnr": 7.3688612248399155,
        "zcr": 0.01658503401360544
    }
}