{
    "0": {
        "mean_pitch": 133.64749409230745,
        "std_pitch": 2.838836428726767,
        "hnr": 12.912353990382515,
        "zcr": 0.018784580498866214
    },
    "5": {
        "mean_pitch": 145.2307489977463,
        "std_pitch": 9.016480173551622,
        "hnr": 9.123551548714453,
        "zcr": 0.020702947845804988
    },
    "10": {
        "mean_pitch": 148.44935289137777,
        "std_pitch": 9.793177609095025,
        "hnr": 11.41514974149297,
        "zcr": 0.025210884353741497
    },
    "15": {
        "mean_pitch": 108.34947399619618,
        "std_pitch": 5.421098979335042,
        "hnr": 10.495825500767694,
        "zcr": 0.025736961451247167
    },
    "20": {
        "mean_pitch": 103.2312260711798,
        "std_pitch": 5.0033118901759845,
        "hnr": 10.140692238909892,
        "zcr": 0.018122448979591838
    },
    "25": {
        "mean_pitch": 126.26279661932267,
        "std_pitch": 3.0409117919905917,
        "hnr": 9.739342573649335,
        "zcr": 0.024104308390022675
    },
    "30": {
        "mean_pitch": 98.96945884370709,
        "std_pitch": 1.50463362541059,
        "hnr": 8.709684215352864,
        "zcr": 0.009573696145124717
    },
    "35": {
        "mean_pitch": 106.60219730277628,
        "std_pitch": 1.7584048989178458,
        "hnr": 12.718668026042797,
        "zcr": 0.023605442176870745
    },
    "40": {
        "mean_pitch": 93.05549487874862,
        "std_pitch": 5.104175745948144,
        "hnr": 8.62715313077664,
        "zcr": 0.019560090702947844
    },
    "45": {
        "mean_pitch": 86.4577935660971,
        "std_pitch": 4.929561736176865,
        "hnr": 9.399671522142459,
        "zcr": 0.02722448979591837
    },
    "50": {
        "mean_pitch": 82.79290262237053,
        "std_pitch": 4.432085732626085,
        "hnr": 3.2937834106655406,
        "zcr": 0.009151927437641722
    },
    "55": {
        "mean_pitch": 79.96725455397112,
        "std_pitch": 3.574082936037887,
        "hnr": 2.9748228209546115,
        "zcr": 0.005537414965986396
    },
    "60": {
        "mean_pitch": 162.10869908578235,
        "std_pitch": 10.928977159457567,
        "hnr": 9.771979701566742,
        "zcr": 0.016539682539682538
    },
    "65": {
        "mean_pitch": 168.6403262166215,
        "std_pitch": 10.60404718426797,
        "hnr": 7.415659792608625,
        "zcr": 0.01399092970521542
    },
    "70": {
        "mean_pitch": 114.40181421731278,
        "std_pitch": 3.7248030072425826,
        "hnr": 8.60319574239858,
        "zcr": 0.02546485260770975
    },
    "75": {
        "mean_pitch": 136.8103656837785,
        "std_pitch": 5.035133876983397,
        "hnr": 6.879502515449686,
        "zcr": 0.022331065759637187
    },
    "80": {
        "mean_pitch": 98.48380366641068,
        "std_pitch": 4.862954794438219,
        "hnr": 9.025930882797647,
        "zcr": 0.023850340136054422
    },
    "85": {
        "mean_pitch": 87.67767059268512,
        "std_pitch": 2.755977312520502,
        "hnr": 4.584415107566963,
        "zcr": 0.014063492063492064
    },
    "90": {
        "mean_pitch": 92.14642894738263,
        "std_pitch": 1.2234069132309957,
        "hnr": 9.634821552944732,
        "zcr": 0.016453514739229024
    },
    "95": {
        "mean_pitch": 151.6478197049482,
        "std_pitch": 3.2621040599990025,
        "hnr": 8.818796810370687,
        "zcr": 0.0129297052154195
    }
}