{"mean_pitch": 135.80668835213731, "std_pitch": 87.8718632923153, "hnr": 3.678076949602287, "zcr": 0.2326217296511628, "gender": "male"}