{"mean_pitch": 113.68694878180169, "std_pitch": 56.33275608990856, "hnr": 12.413301265901742, "zcr": 0.01773083704448429}