{"mean_pitch": 125.08377244104943, "std_pitch": 14.792941957943444, "hnr": -1.787968441077163, "zcr": 0.051727891156462584, "mean_intensity_spl": 135.84922603451395}